{
    "event3": {
        "sig003a": {
            "background_rate": 0.032792207792207796,
            "first_bin": 52,
            "first_bin_latency": 0.0625,
            "last_bin": 79,
            "last_bin_latency": 0.1975,
            "peak_firing_rate": 0.5324675324675324,
            "peak_latency": 0.0975,
            "psth": [
                0.0,
                0.05194805194805195,
                0.0,
                0.06493506493506493,
                0.012987012987012988,
                0.07792207792207792,
                0.025974025974025976,
                0.025974025974025976,
                0.05194805194805195,
                0.05194805194805195,
                0.03896103896103896,
                0.03896103896103896,
                0.025974025974025976,
                0.025974025974025976,
                0.0,
                0.025974025974025976,
                0.06493506493506493,
                0.025974025974025976,
                0.03896103896103896,
                0.0,
                0.05194805194805195,
                0.06493506493506493,
                0.012987012987012988,
                0.025974025974025976,
                0.05194805194805195,
                0.06493506493506493,
                0.012987012987012988,
                0.025974025974025976,
                0.025974025974025976,
                0.03896103896103896,
                0.012987012987012988,
                0.03896103896103896,
                0.012987012987012988,
                0.025974025974025976,
                0.025974025974025976,
                0.012987012987012988,
                0.03896103896103896,
                0.03896103896103896,
                0.03896103896103896,
                0.03896103896103896,
                0.025974025974025976,
                0.025974025974025976,
                0.012987012987012988,
                0.012987012987012988,
                0.012987012987012988,
                0.0,
                0.025974025974025976,
                0.03896103896103896,
                0.012987012987012988,
                0.03896103896103896,
                0.05194805194805195,
                0.05194805194805195,
                0.11688311688311688,
                0.11688311688311688,
                0.23376623376623376,
                0.23376623376623376,
                0.2987012987012987,
                0.44155844155844154,
                0.44155844155844154,
                0.5324675324675324,
                0.4025974025974026,
                0.4805194805194805,
                0.4025974025974026,
                0.22077922077922077,
                0.14285714285714285,
                0.2727272727272727,
                0.18181818181818182,
                0.09090909090909091,
                0.22077922077922077,
                0.2597402597402597,
                0.05194805194805195,
                0.15584415584415584,
                0.2077922077922078,
                0.15584415584415584,
                0.15584415584415584,
                0.16883116883116883,
                0.19480519480519481,
                0.16883116883116883,
                0.11688311688311688,
                0.11688311688311688
            ],
            "response_magnitude": 6.584415584415584,
            "threshold": 0.09262415324565945
        },
        "sig016b": {
            "background_rate": 0.1,
            "first_bin": 51,
            "first_bin_latency": 0.0575,
            "last_bin": 76,
            "last_bin_latency": 0.1825,
            "peak_firing_rate": 0.4935064935064935,
            "peak_latency": 0.08750000000000001,
            "psth": [
                0.09090909090909091,
                0.11688311688311688,
                0.1038961038961039,
                0.03896103896103896,
                0.09090909090909091,
                0.12987012987012986,
                0.12987012987012986,
                0.1038961038961039,
                0.12987012987012986,
                0.025974025974025976,
                0.09090909090909091,
                0.1038961038961039,
                0.07792207792207792,
                0.14285714285714285,
                0.11688311688311688,
                0.1038961038961039,
                0.09090909090909091,
                0.2077922077922078,
                0.05194805194805195,
                0.1038961038961039,
                0.1038961038961039,
                0.09090909090909091,
                0.05194805194805195,
                0.05194805194805195,
                0.15584415584415584,
                0.18181818181818182,
                0.06493506493506493,
                0.09090909090909091,
                0.09090909090909091,
                0.05194805194805195,
                0.09090909090909091,
                0.14285714285714285,
                0.11688311688311688,
                0.18181818181818182,
                0.14285714285714285,
                0.09090909090909091,
                0.025974025974025976,
                0.09090909090909091,
                0.05194805194805195,
                0.07792207792207792,
                0.12987012987012986,
                0.07792207792207792,
                0.11688311688311688,
                0.12987012987012986,
                0.11688311688311688,
                0.12987012987012986,
                0.1038961038961039,
                0.14285714285714285,
                0.14285714285714285,
                0.14285714285714285,
                0.06493506493506493,
                0.3116883116883117,
                0.23376623376623376,
                0.2077922077922078,
                0.2987012987012987,
                0.2987012987012987,
                0.42857142857142855,
                0.4935064935064935,
                0.4805194805194805,
                0.38961038961038963,
                0.4025974025974026,
                0.4155844155844156,
                0.2987012987012987,
                0.35064935064935066,
                0.2987012987012987,
                0.37662337662337664,
                0.2597402597402597,
                0.16883116883116883,
                0.2077922077922078,
                0.16883116883116883,
                0.11688311688311688,
                0.2077922077922078,
                0.2077922077922078,
                0.2077922077922078,
                0.19480519480519481,
                0.09090909090909091,
                0.23376623376623376,
                0.19480519480519481,
                0.18181818181818182,
                0.16883116883116883
            ],
            "response_magnitude": 7.350649350649351,
            "threshold": 0.2238986799096359
        }
    },
    "event6": {
        "sig003a": {
            "background_rate": 0.03156250000000001,
            "first_bin": 52,
            "first_bin_latency": 0.0625,
            "last_bin": 78,
            "last_bin_latency": 0.1925,
            "peak_firing_rate": 0.6125,
            "peak_latency": 0.0775,