{
    "event_3_prob": 0.49044585987261147,
    "event_6_prob": 0.5095541401273885,
    "joint_mutual_info": 0.5340078399536643,
    "sig003a": {
        "count_mutual_info": 0.09944874368992068,
        "event_3": {
            "count_entropy": 3.457788044650279,
            "timing_entropy": 6.266786540694905,
            "unique_count_prob": [
                0.012987012987012988,
                0.025974025974025976,
                0.06493506493506493,
                0.07792207792207792,
                0.1038961038961039,
                0.12987012987012986,
                0.15584415584415584,
                0.16883116883116883
            ],
            "unique_timing_prob": [
                0.012987012987012988
            ]
        },
        "event_6": {
            "count_entropy": 3.121736180194496,
            "timing_entropy": 6.321928094887363,
            "unique_count_prob": [
                0.0125,
                0.025,
                0.0375,
                0.05,
                0.075,
                0.1,
                0.1125,
                0.125,
                0.1375,
                0.25
            ],
            "unique_timing_prob": [
                0.0125
            ]
        },
        "timing_mutual_info": 0.9997366009648985
    },
    "sig016b": {
        "count_mutual_info": 0.1289004917394201,
        "event_3": {
            "count_entropy": 3.715555953541767,
            "timing_entropy": 6.266786540694905,
            "unique_count_prob": [
                0.012987012987012988,
                0.025974025974025976,
                0.03896103896103896,
                0.05194805194805195,
                0.06493506493506493,
                0.07792207792207792,
                0.09090909090909091,
                0.12987012987012986
            ],
            "unique_timing_prob": [
                0.012987012987012988
            ]
        },
        "event_6": {
            "count_entropy": 3.665382194781238,
            "timing_entropy": 6.321928094887363,
            "unique_count_prob": [
                0.0125,
                0.025,
                0.0375,
                0.05,
                0.075,
                0.0875,
                0.1,
                0.1125,
                0.15
            ],
            "unique_timing_prob": [
                0.0125
            ]
        },
        "timing_mutual_info": 0.9997366009648985
    },
    "synergy_redundancy": 0.30565860452432353
}