{
    "bin_200ms": {
        "confusion_matrix": [
            [
                56,
                5,
                9,
                1
            ],
            [
                17,
                39,
                11,
                10
            ],
            [
                11,
                2,
                50,
                9
            ],
            [
                1,
                12,
                9,
                58
            ]
        ],
        "mutual_info": 0.6699668354280353,
        "performance": 0.6766666666666666
    },
    "bin_50ms": {
        "confusion_matrix": [
            [
                60,
                5,
                6,
                0
            ],
            [
                17,
                46,
                2,
                12
            ],
            [
                7,
                3,
                60,
                2
            ],
            [
                0,
                6,
                3,
                71
            ]
        ],
        "mutual_info": 1.0484113707244425,
        "performance": 0.79
    },
    "bin_5ms": {
        "confusion_matrix": [
            [
                58,
                4,
                9,
                0
            ],
            [
                7,
                49,
                9,
                12
            ],
            [
                18,
                4,
                48,
                2
            ],
            [
                0,
                9,
                5,
                66
            ]
        ],
        "mutual_info": 0.8795225485801028,
        "performance": 0.7366666666666667
    }
}